input,stage,gwp100_kg_CO2eq,status
Stainless steel,Kettle,,not_calculated
Brass,Kettle,,not_calculated
Copper,Kettle,,not_calculated
Polypropylene (PP),Kettle,,not_calculated
Polyvinyl chloride (PVC),Kettle,,not_calculated
"Nylon, grade unspecified",Kettle,,not_calculated
Polyoxymethylene (POM),Kettle,,not_calculated
Polycarbonate (PC),Kettle,,not_calculated
Acrylonitrile-butadiene-styrene (ABS),Kettle,,not_calculated
Silicone,Kettle,,not_calculated
LDPE packaging foil,Packaging,,not_calculated
Cardboard packaging,Packaging,,not_calculated
Conversion services,Manufacturing,,not_calculated
Assembly electricity,Manufacturing,,not_calculated
Inbound transport,Manufacturing,,not_calculated
Scrap treatment,Manufacturing,,not_calculated
