input,finished_mass_g,decision,rationale,alternatives,gwp_status,dataset_name,uuid,version,process_type,database,database_release,geography,valid_from,valid_until,reference_flow_name,reference_flow_uuid,reference_amount,reference_unit,reference_is_input,reference_count,allocation_method,source_url,retrieval_date,archive_member,sha256
Stainless steel,186,material_candidate_only,304 flat rolled coil is a possible feedstock proxy. BOM specifies neither alloy nor product form. Dataset already includes steelmaking and rolling; kettle component forming remains unknown. No impact factor accepted.,"8560388b-7ea1-38b7-befc-fd25d5deb450 (quarto plate, alternative form); 34897ebd-aa3d-347c-91ee-876c3f835fdb (scrap, not finished steel)",not_calculated,Steel; stainless 304; flat rolled coil,49f5324b-fc33-36e9-b5af-3c80d73492bd,00.01.014,UNIT_PROCESS,USLCI,1.2026-09.0,Northern America,2007-12-31,2011-12-31,Steel; stainless 304; flat rolled coil,3f2fed05-f530-32e9-b0f9-0dcb5280aa9d,1.0,kg,False,1,NO_ALLOCATION,https://api.nal.usda.gov/FederalLCACommonsapi/browse/National_Renewable_Energy_Laboratory/USLCI_Database_Public/PROCESS/49f5324b-fc33-36e9-b5af-3c80d73492bd,2026-10-08,processes/49f5324b-fc33-36e9-b5af-3c80d73492bd.json,7114d0f3c8404b8fee8b7a07fdbc5c34ce8e03be11b697da332a58ecfdee456e
Brass,20.25,unresolved,"No brass process name found in complete archive scan. Copper plus zinc would require a documented alloy composition, alloying energy and suppliers; none supplied.","Copper and zinc keyword results are upstream ingredients, not a brass alloy inventory.",not_calculated,unknown,unknown,unknown,unknown,unknown,unknown,unknown,unknown,unknown,unknown,unknown,unknown,unknown,unknown,unknown,unknown,unknown,unknown,unknown,unknown
Copper,15,monetary_bridge_not_accepted,"Bridge converts 1 kg regional-storage copper to 9.13 USD (2012 producer price) of Copper, gold and silver concentrates. This broad mining-sector bridge is not a physical refined-copper LCI factor; USEEIO supplier and price/sector relevance require review.","f0810c41-81cd-3dea-83b2-7a66c7fd9362 is copper sulfate, not copper metal.",not_calculated,Copper; at storage Bridge; USLCI to USEEIO,6373ec73-ca57-47bd-8284-2f3cc25b8637,00.00.006,UNIT_PROCESS,USLCI,1.2026-09.0,unknown,unknown,unknown,Copper; at regional storage,19fb905b-a259-3480-848f-af6a058a4d99,1.0,kg,False,1,unknown,https://api.nal.usda.gov/FederalLCACommonsapi/browse/National_Renewable_Energy_Laboratory/USLCI_Database_Public/PROCESS/6373ec73-ca57-47bd-8284-2f3cc25b8637,2026-10-08,processes/6373ec73-ca57-47bd-8284-2f3cc25b8637.json,6ad4fc86095ab21c2f432cd5be3daa14735b7d6f0cd823958ec1526021b31f7d
Polypropylene (PP),350.25,material_candidate_only,"Virgin PP resin matches polymer but recycled content, additives and molding are unknown. Resin is gate-to-gate and requires upstream links. No impact factor accepted.","185648c2-334e-419c-bf16-bb95e258f6bb (recycled PP, recycled share unknown); 89a2b59a-1ca2-34f5-acc8-a8eaaa6fa870 (molded PP product already includes 1.034 kg resin, 6.444 MJ electricity and 0.1 kg corrugated packaging per 1 kg part; do not add full resin burden again)",not_calculated,"Polypropylene, PP; virgin resin; at plant",2e8facf6-46aa-4ddb-95de-a4e2a00eb2bb,00.01.012,UNIT_PROCESS,USLCI,1.2026-09.0,Northern America,2014-12-31,2016-12-30,"Polypropylene, PP; virgin resin; at plant",d0477b6a-115f-350d-bbb4-7f62243e3476,1.0,kg,False,1,NO_ALLOCATION,https://api.nal.usda.gov/FederalLCACommonsapi/browse/National_Renewable_Energy_Laboratory/USLCI_Database_Public/PROCESS/2e8facf6-46aa-4ddb-95de-a4e2a00eb2bb,2026-10-08,processes/2e8facf6-46aa-4ddb-95de-a4e2a00eb2bb.json,11314704c3635895e0dfc100a90053a2ff637684760519813489f59f8154f609
Polyvinyl chloride (PVC),43.5,material_candidate_only,"Suspension-grade PVC resin is a polymer candidate; plasticizers, compounding and component forming are not known. Dataset includes incoming transport within its own resin boundary, which must not be counted again.",PVC landfill dataset excluded from factory-gate boundary; polyvinylfluoride is a different polymer.,not_calculated,"Polyvinyl chloride resin, PVC; suspension grade; at plant",3dbccdda-2014-4239-ad1f-4e15c034942b,00.01.015,UNIT_PROCESS,USLCI,1.2026-09.0,United States of America (the),2022-01-01,2022-12-31,Polyvinyl chloride resin; suspension grade PVC; at plant,2bb0cd6b-941b-38da-856c-1b7bd0cc5f49,1.0,kg,False,1,NO_ALLOCATION,https://api.nal.usda.gov/FederalLCACommonsapi/browse/National_Renewable_Energy_Laboratory/USLCI_Database_Public/PROCESS/3dbccdda-2014-4239-ad1f-4e15c034942b,2026-10-08,processes/3dbccdda-2014-4239-ad1f-4e15c034942b.json,8d1eb0c76777d4f288c28ac72ef3426672a090f7afe4d032085c2dc6cea49ec6
"Nylon, grade unspecified",49.5,monetary_bridge_not_accepted,"Nylon 6 bridge is retained for inspection only; no nylon grade chosen. Both nylon 6 and nylon 66 bridge to a broad Plastics monetary sector. Grade, provider and proxy validity unresolved.",052c051b-b37f-4f00-9fe8-f5b2764b69c1 (Nylon 66 bridge); no physical nylon process found under nylon/polyamide names.,not_calculated,Nylon 6 Bridge; USLCI to USEEIO,a2174501-418e-4b2e-9dbd-fa81f5f0bcc7,00.00.012,UNIT_PROCESS,USLCI,1.2026-09.0,unknown,unknown,unknown,Nylon 6; at plant,c427c277-1d6f-3caf-a86d-31d08e26bfcd,1.0,kg,False,1,unknown,https://api.nal.usda.gov/FederalLCACommonsapi/browse/National_Renewable_Energy_Laboratory/USLCI_Database_Public/PROCESS/a2174501-418e-4b2e-9dbd-fa81f5f0bcc7,2026-10-08,processes/a2174501-418e-4b2e-9dbd-fa81f5f0bcc7.json,7929c12bbdc420bb5faa97c76f62c8d65cc33e5578cb26f71d0cdbcbd11d1b54
Polyoxymethylene (POM),9.75,unresolved,"No POM/polyoxymethylene/polyacetal process name found. Formaldehyde is a potential feedstock, not a complete polymer-production dataset.",No unrelated plastic or formaldehyde process accepted as a substitute.,not_calculated,unknown,unknown,unknown,unknown,unknown,unknown,unknown,unknown,unknown,unknown,unknown,unknown,unknown,unknown,unknown,unknown,unknown,unknown,unknown,unknown
Polycarbonate (PC),6.75,monetary_bridge_not_accepted,"PC bridge converts 1 kg to 6.970610088 USD (2012 producer price) of Plastics. Broad monetary-sector substitution has not been validated, and external supplier inventory is absent.",No physical PC polymer-production process found by name in the pinned archive.,not_calculated,Polycarbonate Bridge; USLCI to USEEIO,531f7547-3175-4114-842a-cf358fb4a10b,00.00.012,UNIT_PROCESS,USLCI,1.2026-09.0,unknown,unknown,unknown,Polycarbonate; at plant,59e4639e-ee0a-34ce-8c0f-d21078680506,1.0,kg,False,1,unknown,https://api.nal.usda.gov/FederalLCACommonsapi/browse/National_Renewable_Energy_Laboratory/USLCI_Database_Public/PROCESS/531f7547-3175-4114-842a-cf358fb4a10b,2026-10-08,processes/531f7547-3175-4114-842a-cf358fb4a10b.json,d09d6b88a1c46958a14cde06dcb2601d1734a028f105d8a0777352047219fe5e
Acrylonitrile-butadiene-styrene (ABS),30,material_candidate_only,ABS copolymer resin matches polymer class. Kettle-grade formulation and molding unknown. Explicit exchanges govern linking; description alone is not a cumulative emission factor.,Acrylonitrile monomer and PAN are not ABS resin.,not_calculated,"Acrylonitrile-butadiene-styrene, ABS; copolymer resin; at plant",0e42a306-ee2d-362e-8bc3-580000096459,00.01.010,UNIT_PROCESS,USLCI,1.2026-09.0,Northern America,2015-01-01,2016-12-31,"Acrylonitrile-butadiene-styrene, ABS; copolymer resin; at plant",c32cdfef-1136-4af8-945b-32dd954c7278,1.0,kg,False,1,NO_ALLOCATION,https://api.nal.usda.gov/FederalLCACommonsapi/browse/National_Renewable_Energy_Laboratory/USLCI_Database_Public/PROCESS/0e42a306-ee2d-362e-8bc3-580000096459,2026-10-08,processes/0e42a306-ee2d-362e-8bc3-580000096459.json,4d03c86f0be042e7230ef81fe867fbfce31d85b742f1d651466dacdedf8b9273
Silicone,12,unresolved,No silicone/siloxane production process name found. Silicone elastomer is not silicon metal or silica. Grade and curing process are unknown.,Silicon keyword matches excluded as a chemically different material.,not_calculated,unknown,unknown,unknown,unknown,unknown,unknown,unknown,unknown,unknown,unknown,unknown,unknown,unknown,unknown,unknown,unknown,unknown,unknown,unknown,unknown
LDPE packaging foil,6.3,material_candidate_only,LDPE virgin resin matches the named polymer but does not cover finished film extrusion and loss. No conversion burden accepted.,"26f39b7c-389c-4903-8f09-6ef5e95876cc (LLDPE stretch film, different polymer and an embedded 2% loss assumption; not silently substituted)",not_calculated,"Low-density polyethylene, LDPE; virgin resin; at plant",6a12cba1-889d-4515-90f8-89feb8d662f2,00.01.012,UNIT_PROCESS,USLCI,1.2026-09.0,Northern America,2014-12-31,2016-12-30,"Low-density polyethylene, LDPE; virgin resin; at plant",2f9d79bf-e4c6-400a-a076-8c00f468fa3b,1.0,kg,False,1,NO_ALLOCATION,https://api.nal.usda.gov/FederalLCACommonsapi/browse/National_Renewable_Energy_Laboratory/USLCI_Database_Public/PROCESS/6a12cba1-889d-4515-90f8-89feb8d662f2,2026-10-08,processes/6a12cba1-889d-4515-90f8-89feb8d662f2.json,a98887b6da72c042d4a832a8d5284a573580c79683d6b841b547232b58e07305
Cardboard packaging,131.5,material_candidate_only,Average corrugated product is a conditional proxy because board construction and recycled share were not supplied. It already covers corrugator/sheet-plant activity; avoid adding the same conversion again.,9c10be0f-e38e-4551-b8b5-eef65fa27dcc (100% recycled corrugated product); solid board would require a different selection.,not_calculated,Corrugated product; average production; at mill,226ed3c2-e020-4c95-b1fc-4559fc2d18ac,00.01.008,UNIT_PROCESS,USLCI,1.2026-09.0,United States of America (the),2013-12-31,2014-12-30,Corrugated product; at mill,f806b9df-b77c-3369-a00f-feda82b0778c,1.0,kg,False,1,NO_ALLOCATION,https://api.nal.usda.gov/FederalLCACommonsapi/browse/National_Renewable_Energy_Laboratory/USLCI_Database_Public/PROCESS/226ed3c2-e020-4c95-b1fc-4559fc2d18ac,2026-10-08,processes/226ed3c2-e020-4c95-b1fc-4559fc2d18ac.json,1d3517abaddcc44577e45612eadfbf104cfeec6798f995f42b68132a891dd37d
