root_uuid,reachable_process_count,provider_edge_count,unresolved_provider_edges,closure_status
0e42a306-ee2d-362e-8bc3-580000096459,379,1948,703,failed
226ed3c2-e020-4c95-b1fc-4559fc2d18ac,380,1959,708,failed
2e8facf6-46aa-4ddb-95de-a4e2a00eb2bb,379,1948,703,failed
3dbccdda-2014-4239-ad1f-4e15c034942b,379,1948,703,failed
49f5324b-fc33-36e9-b5af-3c80d73492bd,2,23,22,failed
531f7547-3175-4114-842a-cf358fb4a10b,1,1,1,failed
6373ec73-ca57-47bd-8284-2f3cc25b8637,1,1,1,failed
6a12cba1-889d-4515-90f8-89feb8d662f2,380,1962,709,failed
a2174501-418e-4b2e-9dbd-fa81f5f0bcc7,1,1,1,failed
